{
    "retro_position_dates": {
        "2021-08": [
            "2021-08-06",
            "2021-08-13",
            "2021-08-20",
            "2021-08-27",
            "2021-08-31"
        ],
        "2021-09": [
            "2021-09-03",
            "2021-09-10",
            "2021-09-17",
            "2021-09-24",
            "2021-09-30"
        ],
        "2021-10": [
            "2021-10-01",
            "2021-10-08",
            "2021-10-15",
            "2021-10-22",
            "2021-10-29",
            "2021-10-31"
        ],
        "2021-11": [
            "2021-11-05",
            "2021-11-12",
            "2021-11-19",
            "2021-11-26",
            "2021-11-30"
        ],
        "2021-12": [
            "2021-12-03",
            "2021-12-10",
            "2021-12-17",
            "2021-12-24",
            "2021-12-31"
        ],
        "2022-01": [
            "2022-01-07",
            "2022-01-14",
            "2022-01-21",
            "2022-01-28",
            "2022-01-31"
        ],
        "2022-02": [
            "2022-02-04",
            "2022-02-11",
            "2022-02-18",
            "2022-02-25",
            "2022-02-28"
        ],
        "2022-03": [
            "2022-03-04",
            "2022-03-11",
            "2022-03-18",
            "2022-03-25",
            "2022-03-31"
        ],
        "2022-04": [
            "2022-04-01",
            "2022-04-08",
            "2022-04-15",
            "2022-04-22",
            "2022-04-29",
            "2022-04-30"
        ],
        "2022-05": [
            "2022-05-06",
            "2022-05-13",
            "2022-05-20",
            "2022-05-27",
            "2022-05-31"
        ],
        "2022-06": [
            "2022-06-03",
            "2022-06-10",
            "2022-06-17",
            "2022-06-24",
            "2022-06-30"
        ],
        "2022-07": [
            "2022-07-01",
            "2022-07-08",
            "2022-07-15",
            "2022-07-22",
            "2022-07-29",
            "2022-07-31"
        ],
        "2022-08": [
            "2022-08-05",
            "2022-08-12",
            "2022-08-19",
            "2022-08-26",
            "2022-08-31"
        ],
        "2022-09": [
            "2022-09-02",
            "2022-09-09",
            "2022-09-16",
            "2022-09-23",
            "2022-09-30"
        ],
        "2022-10": [
            "2022-10-07",
            "2022-10-14",
            "2022-10-21",
            "2022-10-28",
            "2022-10-31"
        ],
        "2022-11": [
            "2022-11-04",
            "2022-11-11",
            "2022-11-18",
            "2022-11-25",
            "2022-11-30"
        ],
        "2022-12": [
            "2022-12-02",
            "2022-12-09",
            "2022-12-16",
            "2022-12-23",
            "2022-12-30",
            "2022-12-31"
        ],
        "2023-01": [
            "2023-01-06",
            "2023-01-13",
            "2023-01-20",
            "2023-01-27",
            "2023-01-31"
        ],
        "2023-02": [
            "2023-02-03",
            "2023-02-10",
            "2023-02-17",
            "2023-02-24",
            "2023-02-28"
        ],
        "2023-03": [
            "2023-03-03",
            "2023-03-10",
            "2023-03-17",
            "2023-03-24",
            "2023-03-31"
        ],
        "2023-04": [
            "2023-04-07",
            "2023-04-14",
            "2023-04-21",
            "2023-04-28",
            "2023-04-30"
        ],
        "2023-05": [
            "2023-05-05",
            "2023-05-12",
            "2023-05-19",
            "2023-05-26",
            "2023-05-31"
        ],
        "2023-06": [
            "2023-06-02",
            "2023-06-09",
            "2023-06-16",
            "2023-06-23",
            "2023-06-30"
        ],
        "2023-07": [
            "2023-07-07",
            "2023-07-14",
            "2023-07-21",
            "2023-07-28",
            "2023-07-31"
        ],
        "2023-08": [
            "2023-08-04",
            "2023-08-11",
            "2023-08-18",
            "2023-08-25",
            "2023-08-31"
        ],
        "2023-09": [
            "2023-09-01",
            "2023-09-08",
            "2023-09-15",
            "2023-09-22",
            "2023-09-29",
            "2023-09-30"
        ],
        "2023-10": [
            "2023-10-06",
            "2023-10-13",
            "2023-10-20",
            "2023-10-27",
            "2023-10-31"
        ],
        "2023-11": [
            "2023-11-03",
            "2023-11-10",
            "2023-11-17",
            "2023-11-24",
            "2023-11-30"
        ],
        "2023-12_w1": [
            "2023-12-01",
            "2023-12-04",
            "2023-12-05",
            "2023-12-06",
            "2023-12-07",
            "2023-12-08"
        ],
        "2023-12_w2": [
            "2023-12-11",
            "2023-12-12",
            "2023-12-13",
            "2023-12-14",
            "2023-12-15"
        ],
        "2023-12_w3": [
            "2023-12-18",
            "2023-12-19",
            "2023-12-20",
            "2023-12-21",
            "2023-12-22"
        ],
        "2023-12_w4": [
            "2023-12-25",
            "2023-12-26",
            "2023-12-27",
            "2023-12-28",
            "2023-12-29",
            "2023-12-31"
        ],
        "2024-01_w1": [
            "2024-01-01",
            "2024-01-02",
            "2024-01-03",
            "2024-01-04",
            "2024-01-05"
        ],
        "2024-01_w2": [
            "2024-01-08",
            "2024-01-09",
            "2024-01-10",
            "2024-01-11",
            "2024-01-12"
        ],
        "2024-01_w3": [
            "2024-01-15",
            "2024-01-16",
            "2024-01-17",
            "2024-01-18",
            "2024-01-19"
        ],
        "2024-01_w4": [
            "2024-01-22",
            "2024-01-23",
            "2024-01-24",
            "2024-01-25",
            "2024-01-26"
        ],
        "2024-01_w5": [
            "2024-01-29",
            "2024-01-30",
            "2024-01-31"
        ]
    }
}