{
    "entities":{
        "dim_gics":"staging_dim_gics",
        "dim_countries":"staging_dim_country",
        "dim_issuers":"staging_dim_issuer",
        "dim_portfolios":"staging_dim_portfolio",
        "fact_exposure":"staging_fact_exposure",
        "fact_portfolios":"staging_fact_portfolio",
        "fact_all_constituents":"staging_fact_constituent",
        "fact_unitary_indices": "staging_fact_unitary_indices"
    },
    "attributes":{
        "dim_gics":{
            "PSPInstrumentID":"GICS_PSPINSTRUMENTID",
            "SectorCode":"GICS_SECTORCODE",
            "SectorName": "GICS_SECTORNAME",
            "IndustryGroupCode": "GICS_INDUSTRYGROUPCODE",
            "IndustryGroupName": "GICS_INDUSTRYGROUPNAME",
            "IndustryCode": "GICS_INDUSTRYCODE",
            "IndustryName": "GICS_INDUSTRYNAME",
            "SubIndustryCode": "GICS_SUBINDUSTRYCODE",
            "SubIndustryName": "GICS_SUBINDUSTRYNAME"
        }
    },
    "migration":[
        "USP_LOADSTAGING_DIMCOUNTRY",
        "USP_LOADSTAGING_DIMGICS",
        "USP_LOADSTAGING_DIMISSUER",
        "USP_LOADSTAGING_DIMPORTFOLIO",
        "USP_LOADSTAGING_FACTPORTFOLIO",
        "USP_LOADSTAGING_FACTEXPOSURE",
        "USP_LOADSTAGING_FACTCONSTITUENT",
        "USP_LOADSTAGING_FACTUNITARYINDICES"
    ],
    "quality":[
        "USP_BUSINESSQUALITYRULE_VALIDATION"
    ],
    "adhoc":[
        {"name":"USP_LOAD_PB_TABLES", "injectDate": false}
    ]
}