[
    {
        "name": "sqlserver",
		"connection_string": "mssql+pyodbc://WarehouseDB/PSPDW2?trusted_connection=yes&driver=SQL+Server",
		"enabled": true
    },
	{
        "name": "mraserver",
		"connection_string": "mssql+pyodbc://WarehouseDB/AnalyticsOpsDM?trusted_connection=yes&driver=SQL+Server",
		"enabled": true
    },
    {
		"name": "snowflake",
		"connection_string": "snowflake://%USERNAME%@investpsp-main/PSP/DATAPRODUCT_RISK?warehouse=PRD_PSPALLEMPLOYEE_COMPUTE&authenticator=externalbrowser&role=SNOWFLAKE_PRD_RISK",
		"enabled": true
	}
	
]